code_header_name,code_name,code_description,code_sort_order
pest_management_plan,102-0670-16-21,102-0670-16-21 [South Coastal Mainland of BC],1
pest_management_plan,FLNR PMP 402-0680-20/25,FLNR PMP 402-0680-20/25 [Central and Northern BC],2
pest_management_plan,FLNR-PMP 402-0677-19/24,FLNR-PMP 402-0677-19/24 [South Coastal Region of BC],3
pest_management_plan,FLNR-PMP 402-0678-19/24,FLNR-PMP 402-0678-19/24 [Southern Interior of BC],4
pest_management_plan,KMC Facilities 879-0002-16/21,KMC Facilities 879-0002-16/21 [Kinder Morgan Canada Facilities],5
pest_management_plan,KMC ROW 879-0001-16/21,KMC ROW 879-0001-16/21 [Kinder Morgan Canada ROW],6
plant_life_stage_code,U,unknown,1
plant_life_stage_code,SG,Small germinating plants,2
plant_life_stage_code,RO,Rosettes,3
plant_life_stage_code,SD,Seedlings,4
plant_life_stage_code,JU,Juvenile,5
plant_life_stage_code,SE,Plants are senescing,6
plant_life_stage_code,MP,Mature plants,7
plant_life_stage_code,MFL,Mature: flowering,8
plant_life_stage_code,MIF,Mature: immature fruit,9
plant_life_stage_code,MMF,Mature: mature fruit,10
plant_life_stage_code,MV,Mature: vegetative only,11
plant_life_stage_code,MBD,Mature: in bud,12
plant_life_stage_code,MFD,Mature: fading,13
plant_life_stage_code,MDF,Mature: dispersing fruit,14
plant_life_stage_code,D,Dead,15
plant_life_stage_code,OTH,Other - Add notes in comments,16
animal_life_stage_code,U,unknown,1
animal_life_stage_code,E,Egg,2
animal_life_stage_code,N,Neonate,3
animal_life_stage_code,J,Juvenile,4
animal_life_stage_code,A,Adult,5
plant_health_code,unknown,unknown,1
plant_health_code,GH,Green and healthy looking plants,2
plant_health_code,HA,Plants appear herbicide affected,3
plant_health_code,BD,Plants are brown and dead looking,4
plant_health_code,DR,Plants appear drought stressed,5
plant_health_code,OT,Other - Add notes in comments,6
plant_seed_stage_code,unknown,unknown,1
plant_seed_stage_code,NO,No seeds present,2
plant_seed_stage_code,SF,Seeds forming,3
plant_seed_stage_code,SM,Seeds mature,4
plant_seed_stage_code,SD,Seeds have dropped,5
plant_seed_stage_code,OT,Other - Add notes in comments,6
animal_behavior_code,U,Unknown,1
animal_behavior_code,M,Moving,2
animal_behavior_code,R,Resting,3
animal_behavior_code,D,Deceased,4
bioagent_maturity_status_code,X,unknown,1
bioagent_maturity_status_code,P,Primary,2
bioagent_maturity_status_code,S,Secondary,3
bioagent_maturity_status_code,T,Tertiary,4
biological_agent_stage_code,NA,unknown,1
biological_agent_stage_code,AD,Adult,2
biological_agent_stage_code,EG,Egg,3
biological_agent_stage_code,PU,Pupa,4
biological_agent_stage_code,LA,Larva,5
biological_agent_stage_code,NY,Nymph,6
biological_agent_stage_code,DE,Dead,7
biological_agent_stage_code,OT,Other,8
biological_agent_stage_code,AL,All,9
biological_agent_presence_code,NA,unknown,1
biological_agent_presence_code,FF,Foliar Feeding Damage,2
biological_agent_presence_code,EP,Eggs Present,3
biological_agent_presence_code,SF,Seed Feeding Damage,4
biological_agent_presence_code,RF,Root Feeding Damage,5
biological_agent_presence_code,LP,Larva(e) Present,6
biological_agent_presence_code,AP,Adults Present,7
biological_agent_presence_code,OM,Oviposition Marks,8
biological_agent_presence_code,PP,Pupa(e) Present,9
biological_agent_presence_code,EH,Exit Holes/Tunnels,10
biological_agent_presence_code,ST,Stem Feeding Damage,11
biological_agent_presence_code,FE,Feeding,12
biological_agent_presence_code,FR,Frass,13
biological_agent_presence_code,GA,In Gall,14
classified_area_code,X,unknown,1
classified_area_code,C,Collection,2
classified_area_code,R,Research,3
proposed_treatment_code,NA,None,1
proposed_treatment_code,CT,Chemical treatment,2
proposed_treatment_code,CM,Chemical monitoring,3
proposed_treatment_code,MT,Mechanical treatment,4
proposed_treatment_code,MM,Mechanical monitoring,5
proposed_treatment_code,BT,Biological treatment,6
proposed_treatment_code,BC,Biological collection,7
proposed_treatment_code,BM,Biological monitoring,8
proposed_treatment_code,BD,Biological dispersal survey,9
observation_type_code,CU,Cursory,1
observation_type_code,OP,Operational,2
observation_type_code,PR,Precise,3
observation_method_code,DR,Drone,1
observation_method_code,MO,Mobile RAW,2
observation_method_code,AP,Air Photo,3
observation_method_code,SI,Satellite Image,4
observation_method_code,FC,Field Camera,5
observation_method_code,TR,Tracking device,6
observation_method_code,VI,Video,7
observation_method_code,AU,Audio,8
observation_method_code,ME,Mechanical recording,9
observation_method_code,OT,Other Type,10
observation_geometry_code,PT,Point - Small area circle,1
observation_geometry_code,BX,Box - Length x Area,2
observation_geometry_code,WP,Waypoint buffered path,3
observation_geometry_code,PO,Polygon,4
observation_geometry_code,MP,Multi Polygon,5
observation_geometry_code,GR,Grid - Parallel traverses,6
observation_geometry_code,LC,Linear corridor,7
observation_geometry_code,GP,GPS tracking path,8
observation_geometry_code,RA,Radio tracking path,9
observation_geometry_code,WA,Water body outline,10
observation_geometry_code,DR,Drone track,11
specific_use_code,NO,None,1
specific_use_code,NA,unknown,2
specific_use_code,GP,Gravel pit,3
specific_use_code,NS,No-spray zone,4
specific_use_code,HW,Numbered highway,5
specific_use_code,PL,Parking lot,6
specific_use_code,RS,Rec site/trail,7
specific_use_code,RA,Rest area,8
specific_use_code,SS,Sensitive site,9
specific_use_code,TS,Transfer station/landfill,10
specific_use_code,PF,Within PFZ,11
specific_use_code,WB,Within PFZ - water body,12
specific_use_code,WE,Within PFZ - well,13
specific_use_code,YD,Yard / ditching waste dump,14
specific_use_code,QU,Quarry,15
specific_use_code,RW,Railway,16
specific_use_code,TL,Transmission line,17
specific_use_code,CL,Cultivated land,18
specific_use_code,RC,Research site,19
specific_use_code,RV,Reservoir,20
specific_use_code,MI,Mine site,21
specific_use_code,MT,Mine tailings,22
specific_use_code,BS,Burn scar,23
specific_use_code,IS,Industrial site,24
specific_use_code,CP,Community pasture,25
aspect_code,FL,Flat,1
aspect_code,NA,variable,2
aspect_code,N,North facing,3
aspect_code,NE,Northeast facing,4
aspect_code,E,East facing,5
aspect_code,SE,Southeast facing,6
aspect_code,S,South facing,7
aspect_code,SW,Southwest facing,8
aspect_code,W,West facing,9
aspect_code,NW,Northwest facing,10
invasive_plant_density_code,X,unknown,1
invasive_plant_density_code,L,<= 1plant/m2 (Low),2
invasive_plant_density_code,M,2-5 plants/m2 (Med),3
invasive_plant_density_code,H,6-10 plants/m2 (High),4
invasive_plant_density_code,D,>10 plants/m2 (Dense),5
slope_code,NA,variable,1
slope_code,FL,Flat 0 %,2
slope_code,NF,Nearly flat 1-4 %,3
slope_code,GS,Gentle slope 5-9 %,4
slope_code,MS,Moderate slope 10-14 %,5
slope_code,SS,Strong slope 15-19 %,6
slope_code,VS,Very strong slope 20-24 %,7
slope_code,ES,Extreme slope 25-29 %,8
slope_code,ST,Steep slope 30-44 %,9
slope_code,VT,Very steep slope > 45 %,10
invasive_plant_distribution_code,NA,unknown,1
invasive_plant_distribution_code,RS,"rare individual,a single occurrence ",2
invasive_plant_distribution_code,FS,few sporadically occurring individuals,3
invasive_plant_distribution_code,CL,single patch or clump of a species,4
invasive_plant_distribution_code,SS,several sporadically occurring individuals,5
invasive_plant_distribution_code,FP,a few patches or clumps of a species,6
invasive_plant_distribution_code,WS,several well-spaced patches or clumps,7
invasive_plant_distribution_code,CU,continuous uniform occurrence of well-spaced individuals,8
invasive_plant_distribution_code,CO,continuous occurrence of a species with a few gaps in the distribution,9
invasive_plant_distribution_code,CD,continuous dense occurrence of a species,10
mechanical_disposal_code,N,None (in situ),1
mechanical_disposal_code,GP,Gravel pit,2
mechanical_disposal_code,BD,Buried,3
mechanical_disposal_code,BT,Burnt,4
mechanical_disposal_code,OT,Other,5
mechanical_method_code,DIG,Digging,1
mechanical_method_code,BRY,Bury,2
mechanical_method_code,BUR,Controlled Burning,3
mechanical_method_code,CUL,Cultivation or till,4
mechanical_method_code,DED,Dead-heading,5
mechanical_method_code,FLA,Flaming / Tiger Torch burn,6
mechanical_method_code,HAN,Hand pulling,7
mechanical_method_code,HWS,Hot water / Steam,8
mechanical_method_code,MOW,Mowing,9
mechanical_method_code,MUL,Mulching,10
mechanical_method_code,SD,Suction dredging,11
mechanical_method_code,SHM,Sheet Mulching,12
mechanical_method_code,SV,Salt water / Vinegar,13
mechanical_method_code,TG,Targeted grazing,14
mechanical_method_code,TR,Tarping,15
mechanical_method_code,SED,Seeding,16
mechanical_method_code,PLT,Planting,17
mechanical_method_code,CNV,Mechanical Method not recorded,18
root_removal_code,X,unknown,1
root_removal_code,H,fully removed,2
root_removal_code,M,moderate > 50% remaining,3
root_removal_code,L,low > 90% remaining,4
soil_disturbance_code,X,unknown,1
soil_disturbance_code,H,heavy,2
soil_disturbance_code,M,medium,3
soil_disturbance_code,L,low,4
treatment_issues_code,NA,none,1
treatment_issues_code,AW,adverse weather,2
treatment_issues_code,FE,fencing,3
treatment_issues_code,PL,private land,4
treatment_issues_code,RA,range animals,5
treatment_issues_code,RB,river bank,6
treatment_issues_code,SR,silt release,7
treatment_issues_code,ST,stability,8
treatment_issues_code,WO,wash out,9
treatment_issues_code,WF,wildfire,10
soil_texture_code,X,unknown,1
soil_texture_code,C,Coarse (Sand /cobbles / gravel - water drains quickly),2
soil_texture_code,F,Fine (Clay - compact soil that holds water),3
soil_texture_code,M,Medium (Loamy / silty soil - water takes longer to drain),4
soil_texture_code,O,Organic (Dark soil with organic material),5
chemical_method_code,BPA,Back Pack,1
chemical_method_code,ATV,ATV,2
chemical_method_code,SIN,Stem Injection,3
chemical_method_code,BBA,Basal Bark,4
chemical_method_code,BNO,Boomless Nozzle,5
chemical_method_code,CIN,Cut and Insert,6
chemical_method_code,CSP,Cut Stump / Cut and Paint,7
chemical_method_code,FBO,Fixed Boom,8
chemical_method_code,HGU,Hand Gun,9
chemical_method_code,SPR,Spread,10
chemical_method_code,WCK,Wick,11
chemical_method_code,NOT,Chemical Method not recorded,12
efficacy_code,1,90% - 100%,1
efficacy_code,2,80% - 89%,2
efficacy_code,3,70% - 79%,3
efficacy_code,4,60% - 69%,4
efficacy_code,5,50% - 59%,5
efficacy_code,6,40% - 49%,6
efficacy_code,7,30% - 39%,7
efficacy_code,8,20% - 29%,8
efficacy_code,9,10% - 19%,9
efficacy_code,10,0% - 9%,10
invasive_plant_aquatic_code,AB,American beachgrass (AMMO BRE Ammophila breviligulata),1
invasive_plant_aquatic_code,ED,Brazilian waterweed (EGER DEN Egeria densa),2
invasive_plant_aquatic_code,CM,Cabomba (CABO CAR Cabomba caroliniana),3
invasive_plant_aquatic_code,FC,Common frogbit (HYDR MOR Hydrocharis morsus-range),4
invasive_plant_aquatic_code,UP,Curly leaf pondweed (POTA CRI Potamogeton crispus),5
invasive_plant_aquatic_code,DC,Dense-flowered cordgrass (SPAR DEN Spartina densiflora),6
invasive_plant_aquatic_code,EC,English cordgrass (SPAR ANG Spartina anglica),7
invasive_plant_aquatic_code,EW,Eurasian watermilfoil (MYRI SPI Myriophyllum spicatum),8
invasive_plant_aquatic_code,EB,European beachgrass (AMMO ARE Ammophila arenaria),9
invasive_plant_aquatic_code,MQ,European water clover (MARS QUA Marsilea quadrifolia),10
invasive_plant_aquatic_code,WE,European waterlily (NYMP ALB Nymphaea alba),11
invasive_plant_aquatic_code,FW,Fanwort (CABO CAR Cabomba caroliniana),12
invasive_plant_aquatic_code,FM,Feathered mosquito-fern (AZOL PIN Azolla pinnata),13
invasive_plant_aquatic_code,FR,Flowering rush (BUTO UMB Butomus umbellatus),14
invasive_plant_aquatic_code,FL,Fragrant water lily (NYMP ODO Nymphaea odorata subsp. odorata),15
invasive_plant_aquatic_code,SV,Giant salvinia (SALV MOL Salvinia molesta),16
invasive_plant_aquatic_code,HY,Hydrilla (HYDR VER Hydrilla verticillata),17
invasive_plant_aquatic_code,OW,Major oxygen weed (LAGA ROS Lagarosiphon),18
invasive_plant_aquatic_code,PF,Parrot feather (MYRI AQU Myriophyllum aquaticum),19
invasive_plant_aquatic_code,SN,Salt-meadow cordgrass (SPAR PAT Spartina patens),20
invasive_plant_aquatic_code,SA,Smooth cordgrass (SPAR ALT Spartina alterniflora),21
invasive_plant_aquatic_code,LM,Variable leaf milfoil (MYRI HET Myriophyllum heterophyllum),22
invasive_plant_aquatic_code,TN,Water chestnut (TRAP NAT Trapa natans),23
invasive_plant_aquatic_code,WH,Water hyacinth (EICH CRA Eichhornia crassipes),24
invasive_plant_aquatic_code,LW,Water lettuce (PIST STR Pistia stratiotes),25
invasive_plant_aquatic_code,AQ,Water soldier (STRA ALO Stratiotes aloides),26
invasive_plant_aquatic_code,NO,Watercress (NAST OFF Nasturtium officinale),27
invasive_plant_aquatic_code,YI,Yellow flag iris (IRIS PSE Iris pseudachorus),28
invasive_plant_aquatic_code,YF,Yellow floating heart (NYMP PEL Nymphoides peltata),29
invasive_plant_code,AR,African rue / harmal (PEGA HAR Peganum harmala),1
invasive_plant_code,YC,Amphibious yellow cress (RORI AMP Rorippa amphibian),2
invasive_plant_code,HB,Annual hawksbeard (CREP TEC Crepis tectorum),3
invasive_plant_code,AS,Annual sow thistle (SONC OLE Sonchus oleraceus),4
invasive_plant_code,BY,Baby's breath (GYPS PAN Gypsophila paniculata),5
invasive_plant_code,BB,Bachelor's button (CENT CYA Centaurea cyanus),6
invasive_plant_code,BA,Barnyard grass (ECHI CRU Echinochloa crusgalli),7
invasive_plant_code,KB,Bighead knapweed (CENT MAC Centaurea macrocephala),8
invasive_plant_code,BP,Bigleaf periwinkle / large periwinkle (VINC MAJ Vinca major),9
invasive_plant_code,BH,Black henbane (HYOS NIG Hyoscyamus niger),10
invasive_plant_code,BL,Black knapweed (CENT NIG Centaurea nigra),11
invasive_plant_code,RB,Black locust (ROBI PSE Robinia pseudoacacia),12
invasive_plant_code,BC,Bladder campion (SILE VUL Silene vulgaris),13
invasive_plant_code,BW,Blueweed (ECHI VUL Echium vulgare),14
invasive_plant_code,RI,Bog bulrush / ricefield bulrush (SCHO MUC Schoenoplectus mucronatus),15
invasive_plant_code,BO,Bohemian knotweed (FALL BOH Fallopia x bohemicum),16
invasive_plant_code,RA,Bristly locust / rose acacia (ROBI HIS Robinia hispida),17
invasive_plant_code,BK,Brown knapweed (CENT JAC Centaurea jacea),18
invasive_plant_code,BT,Bull thistle (CIRS VUL Cirsium vulgare),19
invasive_plant_code,CB,Bur chervil (ANTH CAU Anthriscus caucalis),20
invasive_plant_code,BU,Burdock species (ARCT SPP Arctium spp),21
invasive_plant_code,BD,Butterfly bush (BUDD DAV Buddleja davidii),22
invasive_plant_code,AM,Camel thorn (ALHA MAU Alhagi maurorum),23
invasive_plant_code,CT,Canada thistle (CIRS ARV Cirsium arvense),24
invasive_plant_code,CA,Caraway (CARU CAR Carum carvi),25
invasive_plant_code,CG,Carpet burweed (SOLI SES Soliva sessilis),26
invasive_plant_code,DB,Cheatgrass / downy brome (BROM TEC Bromus tectorum),27
invasive_plant_code,LC,Cherry laurel (PRUN LAU Prunus laurocerasus),28
invasive_plant_code,CY,Chicory (CICH INT Cichorium intybus),29
invasive_plant_code,CH,Chilean tarweed (MADI SAT Madia sativa),30
invasive_plant_code,CE,Clary sage (SALV SCL Salvia sclarea),31
invasive_plant_code,CF,Coltsfoot (TUSS FAR Tussilago farfara),32
invasive_plant_code,AO,Common bugloss (ANCH OFF Anchusa officinalis),33
invasive_plant_code,CO,Common comfrey (SYMP OFF Symphytum officinale),34
invasive_plant_code,CC,Common crupina (CRUP VUL Crupina vulgaris),35
invasive_plant_code,CX,Common hawkweed (HIER VUL Hieracium lanchenalii),36
invasive_plant_code,CP,Common periwinkle (VINC MIN Vinca minor),37
invasive_plant_code,RC,Common reed (PHRA AUS Phragmites australis subsp. australis),38
invasive_plant_code,TC,Common tansy (TANA VUL Tanacetum vulgare),39
invasive_plant_code,CR,Creeping buttercup (RANU REP Ranunculus repens),40
invasive_plant_code,CU,Cudweed (GNAP ULI Gnaphalium uliginosum),41
invasive_plant_code,CD,Curled dock (RUME CRI Rumex crispus),42
invasive_plant_code,CL,Cutleaf blackberry (RUBU LAC Rubus laciniatus),43
invasive_plant_code,CS,Cypress spurge (EUPH CYP Euphorbia cyparissias),44
invasive_plant_code,DT,Dalmatian toadflax (LINA DAL Linaria dalmatica),45
invasive_plant_code,DR,Dame's rocket (HESP MAT Hesperis matronalis),46
invasive_plant_code,SL,Daphne / spurge laurel (DAPH LAU Daphne laureola),47
invasive_plant_code,DC,Dense-flowered cordgrass (SPAR DEN Spartina densiflora),48
invasive_plant_code,DI,Didymo (DIDY GEM Didymosphenia geminata),49
invasive_plant_code,DK,Diffuse knapweed (CENT DIF Centaurea diffusa),50
invasive_plant_code,DO,Dodder (CUSC SPP Cuscuta spp.),51
invasive_plant_code,DE,Dwarf eelgrass (ZOST JAP Zostera japonica),52
invasive_plant_code,DW,Dyer's woad (ISAT TIN Isatis tinctoria),53
invasive_plant_code,ES,Eggleaf spurge (EUPH OBL Euphorbia oblongata),54
invasive_plant_code,EC,English cordgrass (SPAR ANG Spartina anglica),55
invasive_plant_code,HO,English holly (ILEX AQU Ilex aquifolium),56
invasive_plant_code,EI,English ivy (HEDE HEL Hedera helix),57
invasive_plant_code,EB,European beachgrass (AMMO ARE Ammophila arenaria),58
invasive_plant_code,EH,European hawkweed (HIER SAB Hieracium sabaudum),59
invasive_plant_code,EL,European lake sedge (CARE ACU Carex acutiformis),60
invasive_plant_code,EY,Eyebright (EUPH NEM Euphrasia nemorosa),61
invasive_plant_code,BF,False brome (BRAC SYL Brachypodium sylvaticum),62
invasive_plant_code,FB,Field bindweed (CONV ARV Convolvulus arvensis),63
invasive_plant_code,FS,Field scabious (KNAU ARV Knautia arvensis),64
invasive_plant_code,FP,Flat pea / flat peavine (LATH SYL Lathyrus sylvestris),65
invasive_plant_code,GM,French broom (GENI MON Genista monspessulana),66
invasive_plant_code,GL,Garden yellow loosestrife (LYSI VUL Lysimachia vulgaris),67
invasive_plant_code,AP,Garlic mustard (ALLI PET Alliaria petiolata),68
invasive_plant_code,MA,Giant chickweed (MYOS AQU Myosoton aquaticum),69
invasive_plant_code,GH,Giant hogweed (HERA MAN Heracleum mantegazzianum),70
invasive_plant_code,GK,Giant knotweed (FALL SAC Fallopia sachalinensis),71
invasive_plant_code,SW,Giant mannagrass / reed sweetgrass (GLYC MAX Glyceria maxima),72
invasive_plant_code,AD,Giant reed / giant cane (ARUN DON Arundo donax),73
invasive_plant_code,RG,Goat's rue / french lilac (GALE OFF Galega officinalis),74
invasive_plant_code,GO,Gorse (ULEX EUR Ulex europaeus),75
invasive_plant_code,GW,Goutweed / bishop's weed (AEGO POD Aegopodium podagraria),76
invasive_plant_code,GC,Greater celandine (CHEL MAJ Chelidonium majus),77
invasive_plant_code,GN,Greater knapweed (CENT SCA Centaurea scabiosa),78
invasive_plant_code,GF,Green foxtail / green bristlegrass (SETA VIR Setaria viridis),79
invasive_plant_code,GS,Groundsel (SENE VUL Senecio vulgaris),80
invasive_plant_code,HR,Hairy cat's-ear (HYPO RAD Hypochaeris radicata),81
invasive_plant_code,HS,Hawkweed species (HIER SPP Hieracium spp),82
invasive_plant_code,BI,Hedge false bindweed (CALY SEP Calystegia sepium),83
invasive_plant_code,HD,Hedgehog dogtail (CYNO ECH Cynosurus echinatus),84
invasive_plant_code,GR,Herb robert (GERA ROB Geranium robertianum),85
invasive_plant_code,HI,Himalayan blackberry (RUBU ARM Rubus armeniacus),86
invasive_plant_code,PO,Himalayan knotweed (POLY POL Polygonum polystachyum),87
invasive_plant_code,HA,Hoary alyssum (BERT INC Berteroa incana),88
invasive_plant_code,HC,Hoary cress (CARD DRA Cardaria draba),89
invasive_plant_code,HT,Hound's-tongue (CYNO OFF Cynoglossum officinale),90
invasive_plant_code,IS,Iberian starthistle (CENT IBE Centaurea iberica),91
invasive_plant_code,IT,Italian plumeless thistle (CARD PYC Carduus pycnocephalus),92
invasive_plant_code,JK,Japanese knotweed (FALL JAP Fallopia japonica),93
invasive_plant_code,JW,Japanese wireweed (SARG MUT Sargassum muticum),94
invasive_plant_code,GJ,Johnsongrass (SORG HAL Sorghum halepense),95
invasive_plant_code,JG,Jointed goatgrass (AEGI CYL Aegilops cylindrica),96
invasive_plant_code,KH,King devil hawkweed (HIER FLO Hieracium floribundum),97
invasive_plant_code,KS,Knapweed species (CENT SPP Centaurea spp.),98
invasive_plant_code,KO,Kochia (KOCH SCO Kochia scoparia),99
invasive_plant_code,KU,Kudzu (PUER MON Pueraria montana),100
invasive_plant_code,LT,Lady's-thumb (POLY PER Polygonum persicaria),101
invasive_plant_code,LL,Large yellow / spotted loosestrife (LYSI PUN Lysimachia punctata),102
invasive_plant_code,LS,Leafy spurge (EUPH ESU Euphorbia esula),103
invasive_plant_code,RF,Lesser celandine / fig buttercup (RANU FIC Ranunculus ficaria),104
invasive_plant_code,LO,Longspine sandbur (CENC LON Cenchrus longispinus),105
invasive_plant_code,MX,Maltese star thistle (CENT MEL Centaurea melitensis),106
invasive_plant_code,MT,Marsh plume thistle/Marsh thistle (CIRS PAL Cirsium palustre),107
invasive_plant_code,MB,Meadow buttercup (RANU ACR Ranunculus acris),108
invasive_plant_code,MC,Meadow clary (SALV PRA Salvia pratensis),109
invasive_plant_code,MG,Meadow goats-beard (TRAG PRA Tragopogon pratensis),110
invasive_plant_code,MH,Meadow hawkweed (HIER CAE Hieracium caespitosum),111
invasive_plant_code,MK,Meadow knapweed (CENT DEB Centaurea debeauxii),112
invasive_plant_code,MS,Mediterranean sage (SALV AET Salvia aethiopsis),113
invasive_plant_code,TM,Medusahead (TAEN CAP Taeniatherum caput-medusae),114
invasive_plant_code,MI,Milk thistle (SILY MAR Silybum marianum),115
invasive_plant_code,MO,Mountain bluet (CENT MON Centaurea montana),116
invasive_plant_code,ME,Mouse ear hawkweed (HIER PIL Hieracium pilosella),117
invasive_plant_code,MU,Mullein (VERB THA Verbascum thapsis),118
invasive_plant_code,NC,Night-flowering catchfly (SILE NOC Silene noctiflora),119
invasive_plant_code,NI,Nightshade (SOLA SPP Solanum spp),120
invasive_plant_code,NT,Nodding thistle (CARD NUT Carduus nutans),121
invasive_plant_code,NA,North africa grass (VENT DUB Ventenata dubia),122
invasive_plant_code,OM,Old man's beard / traveller's joy (CLEM VIT Clematis vitalba),123
invasive_plant_code,OH,Orange hawkweed (HIER AUR Hieracium aurantiacum),124
invasive_plant_code,OD,Oxeye daisy (LEUC VUL Leucanthemum vulgare),125
invasive_plant_code,PP,Perennial pepperweed (LEPI LAT Lepidium latifolium),126
invasive_plant_code,PS,Perennial sow thistle (SONC ARV Sonchus arvensis),127
invasive_plant_code,PT,Plumeless thistle (CARD ACA Carduus acanthoides),128
invasive_plant_code,PH,Poison hemlock (CONI MAC Conium maculatum),129
invasive_plant_code,PA,Polar hawkweed (HIER ATR Hieracium atratum),130
invasive_plant_code,IM,Policeman's helmet / himalayan balsam (IMPA GLA Impatiens glandulifera),131
invasive_plant_code,LP,Portugese laurel (PRUN LUS Prunus lusitanica),132
invasive_plant_code,PR,Portuguese broom (CYTI STR Cytisus striatus),133
invasive_plant_code,PC,Prickly comfrey (SYMP ASP Symphytum asperum),134
invasive_plant_code,PV,Puncturevine (TRIB TER Tribulus terrestris),135
invasive_plant_code,PD,Purple deadnettle (LAMI PUR Lamium purpureum),136
invasive_plant_code,PL,Purple loosestrife (LYTH SAL Lythrum salicaria),137
invasive_plant_code,PN,Purple nutsedge (CYPE ROT Cyperus rotundus),138
invasive_plant_code,PU,Purple starthistle (CENT CAL Centaurea calcitrapa),139
invasive_plant_code,QA,Queen anne's lace / wild carrot (DAUC CAR Daucus carota),140
invasive_plant_code,QH,Queen devil hawkweed (HIER PRE Hieracium praealtum),141
invasive_plant_code,BR,Red bartsia (ODON SER Odontites serotina),142
invasive_plant_code,RP,Redroot amaranth / rough pigweed (AMAR RET Amaranthus retroflexus),143
invasive_plant_code,RS,Rush skeletonweed (CHON JUN Chondrilla juncea),144
invasive_plant_code,RK,Russian knapweed (ACRO REP Acroptilon repens),145
invasive_plant_code,RO,Russian olive (ELAE ANG Elaeagnus angustifolia),146
invasive_plant_code,RT,Russian thistle (SALS KAL Salsola kali),147
invasive_plant_code,TA,Saltcedar / tamarisk (TAMA RAM Tamarix ramosissima),148
invasive_plant_code,AH,Saltlover / halogeton (HALO GLO Halogeton glomeratus),149
invasive_plant_code,SN,Salt-meadow cordgrass (SPAR PAT Spartina patens),150
invasive_plant_code,SH,Scentless chamomile (MATR PER Matricaria perforata),151
invasive_plant_code,SB,Scotch broom (CYTI SCO Cytisus scoparius),152
invasive_plant_code,ST,Scotch thistle (ONOP ACA Onopordum acanthium),153
invasive_plant_code,SS,Sheep sorrel (RUME ACE Rumex acetosella),154
invasive_plant_code,SP,Shepherd's-purse (CAPS BUR Capsella bursa-pastoris),155
invasive_plant_code,SG,Shiny geranium (GERA LUC Geranium lucidum),156
invasive_plant_code,CN,Short-fringed knapweed (CENT NIR Centaurea nigrescens),157
invasive_plant_code,SE,Siberian elm (ULMU PUM Ulmus pumila),158
invasive_plant_code,NS,Silverleaf nightshade (SOLA ELA Solanum elaeagnifolium),159
invasive_plant_code,FT,Slender meadow foxtail (ALOP MYO Alopecurus myosuroides),160
invasive_plant_code,HG,Smooth cat's ear (HYPO GLA Hypochaeris glabra),161
invasive_plant_code,SA,Smooth cordgrass (SPAR ALT Spartina alterniflora),162
invasive_plant_code,SM,Smooth hawkweed (HIER LAE Hieracium laevigatum),163
invasive_plant_code,SO,Sowthistle species (SONC SPP Sonchus species),164
invasive_plant_code,BS,Spanish bluebells (HYAC HIS Hyacinthoides hispanica),165
invasive_plant_code,SI,Spanish broom (SPAR JUN Spartium junceum),166
invasive_plant_code,SX,Spotted hawkweed (HIER MAC Hieracium maculatum),167
invasive_plant_code,SK,Spotted knapweed (CENT BIE Centaurea biebersteinii),168
invasive_plant_code,MV,Spring millet grass (MILI VER Milium vernale),169
invasive_plant_code,TP,Spurge flax (THYM PAS Thymelaea passerina),170
invasive_plant_code,CV,Squarrose knapweed (CENT VIR Centaurea virgata ssp. squarrosa),171
invasive_plant_code,SJ,St. John's wort/Saint John's wort/ Goatweed (HYPE PER Hypericum perforatum),172
invasive_plant_code,SC,Sulphur cinquefoil (POTE REC Potentilla recta),173
invasive_plant_code,SF,Sweet fennel (FOEN VUL Foeniculum vulgare),174
invasive_plant_code,SY,Syrian bean-caper (ZYGO FAB Zygophyllum fabago),175
invasive_plant_code,TH,Tall hawkweed (HIER OID Hieracium piloselloides),176
invasive_plant_code,TR,Tansy ragwort (SENE JAC Senecio jacobaea),177
invasive_plant_code,TB,Tartary buckwheat (FAGO TAT Fagopyrum tataricum),178
invasive_plant_code,TS,Teasel (DIPS FUL Dipsacus fullonum),179
invasive_plant_code,TX,Texas blueweed (HELI CIL Helianthus ciliaris),180
invasive_plant_code,AA,Tree of heaven (AILA ALT Ailanthus altissima),181
invasive_plant_code,VL,Velvet leaf (ABUT THE Abutilon theophrasti),182
invasive_plant_code,WA,Wall hawkweed (HIER MUR Hieracium murorum),183
invasive_plant_code,WL,Wand loosestrife (LYTH VIR Lythrum virgatum),184
invasive_plant_code,NO,Watercress (NAST OFF Nasturtium officinale),185
invasive_plant_code,WG,Western goat's-beard (TRAG DUB Tragopogon dubius),186
invasive_plant_code,WP,Whiplash hawkweed (HIER FLA Hieracium flagellare),187
invasive_plant_code,WC,White cockle (LYCH ALB Lychnis alba),188
invasive_plant_code,WB,Wild buckwheat (POLY CON Polygonum convolvulus),189
invasive_plant_code,WI,Wild chervil (ANTH SYL Anthriscus sylvestris),190
invasive_plant_code,WF,Wild four o'clock (MIRA NYC Mirabilis nyctaginea),191
invasive_plant_code,WM,Wild mustard (SINA ARV Sinapis arvensis),192
invasive_plant_code,WO,Wild oats (AVEN FAT Avena fatua),193
invasive_plant_code,PW,Wild parsnip (PAST SAT Pastinaca sativa),194
invasive_plant_code,WT,Winged thistle / slender-flowered thistle (CARD TEN Carduus tenuiflorus),195
invasive_plant_code,WS,Wood sage (SALV NEM Salvia nemorsa),196
invasive_plant_code,WW,Wormwood (ARTE ABS Artemisia absinthium),197
invasive_plant_code,YA,Yellow archangel (LAMI GAL Lamiastrum galeobdolon),198
invasive_plant_code,YD,Yellow devil hawkweed (HIER GLO Hieracium glomeratum),199
invasive_plant_code,YI,Yellow flag iris (IRIS PSE Iris pseudachorus),200
invasive_plant_code,YH,Yellow hawkweed (HIER PRA Hieracium pratense),201
invasive_plant_code,YN,Yellow nutsedge (CYPE ESC Cyperus esculentus),202
invasive_plant_code,YS,Yellow starthistle (CENT SOL Centaurea solstitialis),203
invasive_plant_code,YT,Yellow/common toadflax (LINA VUL Linaria vulgaris),204
invasive_animal_code,ABD,American black duck [Anas rubripes],1
invasive_animal_code,ABF,American bullfrog [Lithobates catesbeiana],2
invasive_animal_code,ASD,American shad [Alosa sapidissima],3
invasive_animal_code,AGB,Amur goby [Rhinogobius brunneus],4
invasive_animal_code,ASN,Apple snail [Ampullariidae],5
invasive_animal_code,AAN,Argentine ant [Linepithema humile],6
invasive_animal_code,ACM,Asian clam [Corbicula fluminea],7
invasive_animal_code,ANA,Asian needle ant [Pachycondyla chinensis],8
invasive_animal_code,AOY,Atlantic oyster [Crassostrea virginica],9
invasive_animal_code,ARM,Atlantic ribbed mussel [Geukensia demissa],10
invasive_animal_code,ASA,Atlantic salmon [Salmo salar],11
invasive_animal_code,BHC,Bighead carp [Hypophthalmichthys nobilis],12
invasive_animal_code,BIT,Bitterling [Rhodius species],13
invasive_animal_code,BBH,Black bullhead [Ameiurus melas],14
invasive_animal_code,BCA,Black carp [Mylopharyngodon piceus],15
invasive_animal_code,BCR,Black crappie [Pomoxis nigromaculatus],16
invasive_animal_code,BRT,Black rat [Rattus rattus],17
invasive_animal_code,BRS,Bloody red shrimp (red mysid) [Hemimysis anomala],18
invasive_animal_code,BSK,Blotched snakehead [Channa maculata],19
invasive_animal_code,BSN,Bluegill sunfish [Lepomis macrochirus],20
invasive_animal_code,BNB,Brown bullhead [Ameiurus nebulosus],21
invasive_animal_code,BNR,Brown/Norway rat [Rattus norvegicus],22
invasive_animal_code,CQU,California quail [Callipepla californica],23
invasive_animal_code,CCF,Channel catfish [Ictalurus Punctatus],24
invasive_animal_code,CMC,Chinese mitten crab [Eriocheir sinensis],25
invasive_animal_code,CMS,Chinese mystery snail [Cipangopaludina chinensis],26
invasive_animal_code,CPT,Chukar partridge [Alectoris chukar],27
invasive_animal_code,CTU,Colonial tunicate [Botrylloides violaceus],28
invasive_animal_code,CCP,Common carp [Cyprinus carpio],29
invasive_animal_code,CWL,Common wall lizard [Podarcis muralis],30
invasive_animal_code,CSS,Compound sea squirt [Didemnum vexillum],31
invasive_animal_code,CFM,Conrad's false mussel [Mytilopsis leucophaeata],32
invasive_animal_code,DKA,Drumming katydid [Meconema thalassinum],33
invasive_animal_code,ECR,Eastern cottontail rabbit [Sylvilagus floridanus],34
invasive_animal_code,EFS,Eastern fox squirrel [Sciurus niger],35
invasive_animal_code,EGS,Eastern grey squirrel [Sciurus carolinensis],36
invasive_animal_code,EOD,Eastern oyster drill [Urosalpinx cinerea],37
invasive_animal_code,ESC,Eastern soft-shell clam [Mya arenaria],38
invasive_animal_code,ECD,Eurasian collard dove [Streptopelia decaocto],39
invasive_animal_code,EBG,European brown garden snail [Cornu aspersum],40
invasive_animal_code,EFA,European fire ant [Myrmica rubra],41
invasive_animal_code,EGC,European green crab [Carcinus maenas],42
invasive_animal_code,EHS,European house sparrow [Passer domesticus],43
invasive_animal_code,EPW,European paper wasp [Polistes dominula],44
invasive_animal_code,ERB,European rabbit [Oryctolagus cuniculus],45
invasive_animal_code,EST,European Starling [Sturnus vulgaris],46
invasive_animal_code,FDR,Fallow deer [Dama dama],47
invasive_animal_code,FMW,Fathead minnow [Pimephales promelas],48
invasive_animal_code,FSW,Feral swine [Sus scrofa],49
invasive_animal_code,FJF,Freshwater jellyfish [Craspedacusta sowerbyi],50
invasive_animal_code,GFY,Garden soldier fly [Exaireta spinigera],51
invasive_animal_code,GAH,Giant Asian hornet [Vespa mandarinia],52
invasive_animal_code,GGS,Giant garden slug [Limax maximus],53
invasive_animal_code,GST,Golden star tunicate [Botryllus schlosseri],54
invasive_animal_code,GLD,Goldfish [Carassius auratus],55
invasive_animal_code,GCP,Grass carp [Ctenopharyngodon idella],56
invasive_animal_code,GFG,Green frog [Lithobates clamitans],57
invasive_animal_code,GSF,Green sunfish [Lepomis cyanellus],58
invasive_animal_code,GMT,Gypsy moth [Lymantria dispar],59
invasive_animal_code,HMC,Harris mud crab [Rhithropanopeus harrisii],60
invasive_animal_code,HMS,House mouse [Mus musculus],61
invasive_animal_code,IFA,Impressive fire ant [Myrmica specioides],62
invasive_animal_code,JBE,Japanese bettle [Popillia japonica],63
invasive_animal_code,JMS,Japanese mussel / Asian date mussel [Musculista senhousia],64
invasive_animal_code,JOD,Japanese oyster drill [Ocinebrellus inornatus],65
invasive_animal_code,JSC,Japanese shore crab [Hemigrapsus sanguineus],66
invasive_animal_code,LSA,Land slugs [Arion spp.],67
invasive_animal_code,LSD,Land slugs [Deroceras spp],68
invasive_animal_code,LRS,Large red slug [Arion rufus],69
invasive_animal_code,LYU,Large yellow underwing [Noctua pronuba],70
invasive_animal_code,LBA,Largemouth bass [Micropterus salmoides],71
invasive_animal_code,LBS,Larger branded snail [Cepaea nemoralis],72
invasive_animal_code,LFA,Little fire ant [Wasmannia auropunctata],73
invasive_animal_code,MGB,Monkey goby [Neogobius fluviatilis],74
invasive_animal_code,MSK,Muskellunge [Esox masquinongy],75
invasive_animal_code,MSW,Mute swan [Cygnus olor],76
invasive_animal_code,NZG,New Zealand green-lipped mussel [Perna species],77
invasive_animal_code,NZM,New Zealand mudsnail [Potamopyrgus antipodarum],78
invasive_animal_code,NPK,Northern pike [Esox lucius],79
invasive_animal_code,NQC,Northern quahog clam [Mercenaria mercenaria],80
invasive_animal_code,NSH,Northern snakehead [Channa argus],81
invasive_animal_code,NUT,Nutria [Myocastor coypus],82
invasive_animal_code,OWF,Oriental weatherfish [Misgurnus anguillicaudatus],83
invasive_animal_code,PMT,Praying mantis [Mantis religiosa],84
invasive_animal_code,PCP,Prussian carp [Carassius gibelio],85
invasive_animal_code,PSF,Pumpkinseed sunfish [Lepomis gibbosus],86
invasive_animal_code,QM,Quagga mussel [Dreissena rostriformis bugensis],87
invasive_animal_code,RBS,Rainbow snakehead [Channa bleheri],88
invasive_animal_code,RBP,Red bellied pacu [Piaractus brachypomus],89
invasive_animal_code,RSH,Red shiner [Cyprinella lutrensis],90
invasive_animal_code,RSC,Red swamp crayfish [Procambarus clarkii],91
invasive_animal_code,RES,Red-eared slider [Trachemys scripta],92
invasive_animal_code,RCF,Ringed crayfish [Orconectes neglectus],93
invasive_animal_code,RBA,Rock bass [Ambloplites rupestris],94
invasive_animal_code,RPG,Rock pigeon [Columba livia],95
invasive_animal_code,RGB,Round goby [Neogobius melanostomus],96
invasive_animal_code,RUS,Rusty crayfish [Orconectes rusticus],97
invasive_animal_code,SSQ,Sea squirts [Molgula manhattensis],98
invasive_animal_code,SSL,Seven-spotted ladybug [Coccinella septempunctata],99
invasive_animal_code,SCP,Silver carp [Hypophthalmichthys molitrix],100
invasive_animal_code,SBA,Smallmouth bass [Micropterus dolomieu],101
invasive_animal_code,SNT,Snapping turtle [Chelydra serpentina],102
invasive_animal_code,SOT,Softshell turtle [Apalone species],103
invasive_animal_code,SWF,Spiny waterflea [Bythotrephes longimanus],104
invasive_animal_code,SSH,Spottail shiner [Notropis hudsonius],105
invasive_animal_code,SSS,Stalked sea squirt [Styela clava],106
invasive_animal_code,TEN,Tench [Tinca tinca],107
invasive_animal_code,TSA,Tropical stinging ant [Hypoponera punctatissima],108
invasive_animal_code,TGB,Tubenose goby [Proterorhinus semilunaris],109
invasive_animal_code,TCB,Tui chub [Gila bicolor],110
invasive_animal_code,VCM,Varnish clam [Nuttallia obsurata],111
invasive_animal_code,VOP,Virginia opossum [Didelphis virginiana],112
invasive_animal_code,VCF,Virile crayfish [Orconectes virilis],113
invasive_animal_code,WAL,Walleye [Sander vitreus],114
invasive_animal_code,WAR,Warmouth [Lepomis gulosus],115
invasive_animal_code,WFL,Western fence lizard [Sceloporus occidentalis],116
invasive_animal_code,WM,Western mosquitofish [Gambusia affinis],117
invasive_animal_code,WCM,White cloud mountain minnow [Tanichthys albonubes],118
invasive_animal_code,WTK,Wild turkey [Meleagris gallopavo],119
invasive_animal_code,WMT,Winter moth [Operophtera brumata],120
invasive_animal_code,WSP,Woodlouse spider [Dysdera crocata],121
invasive_animal_code,YBH,Yellow bullhead [Ameiurus natalis],122
invasive_animal_code,YPC,Yellow perch [Perca flavescens],123
invasive_animal_code,YSS,Yellow sea squirt [Ciona intestinalis],124
invasive_animal_code,ZMS,Zebra mussel [Dreissena polymorpha],125
biological_agent_code,ACERGEN,ACERGEN [Aceria genistae],1
biological_agent_code,ACERMAL,ACERMAL [Aceria malherbae (Nuzzaci)],2
biological_agent_code,AGAPZOE,AGAPZOE [Agapeta zoegana (L.)],3
biological_agent_code,AGONNER,AGONNER [Agonopterix nervosa],4
biological_agent_code,AGRIHYP,AGRIHYP [Agrilus hyperici (Creutzer)],5
biological_agent_code,ALTICAR,ALTICAR [Altica carduorum],6
biological_agent_code,APHAITA,APHAITA [Aphalara itadori],7
biological_agent_code,APHICHL,APHICHL [Aphis chloris (Koch)],8
biological_agent_code,APHTCYP,APHTCYP [Aphthona cyparissiae (Koch)],9
biological_agent_code,APHTCZW,APHTCZW [Aphthona czwalinae (Weise)],10
biological_agent_code,APHTFLA,APHTFLA [Aphthona flava (Guill.)],11
biological_agent_code,APHTLAC,APHTLAC [Aphthona lacertosa (Rosh.)],12
biological_agent_code,APHTNIG,APHTNIG [Aphthona nigriscutis (Foudras)],13
biological_agent_code,APHTSPP,APHTSPP [Apthona speices],14
biological_agent_code,APLOPLA,APLOPLA [Aplocera plagiata (L.)],15
biological_agent_code,AULAACR,AULAACR [Aulacidea acroptilonica],16
biological_agent_code,AULASUB,AULASUB [Aulacidea subterminalis],17
biological_agent_code,BOTASEN,BOTASEN [Botanophila seneciella],18
biological_agent_code,BRACPUL,BRACPUL [Brachypterolus pulicarius (L.)],19
biological_agent_code,BRADGIL,BRADGIL [Bradyrrhoa gilveolella],20
biological_agent_code,BRUCVIL,BRUCVIL [Bruchidius villosus],21
biological_agent_code,CALOLUN,CALOLUN [Calophasia lunula (Hufn.)],22
biological_agent_code,CASSRUB,CASSRUB [Cassida rubiginosa],23
biological_agent_code,CHAEACR,CHAEACR [Chaetorellia acrolophi White & Marq.],24
biological_agent_code,CHARSEX,CHARSEX [Charidotella sexpunctata bicolor],25
biological_agent_code,CHEIURB,CHEIURB [Cheilosia urbana],26
biological_agent_code,CHRYHYP,CHRYHYP [Chrysolina hyperici (Forster)],27
biological_agent_code,CHRYQUA,CHRYQUA [Chrysolina quadrigemina (Suffrain)],28
biological_agent_code,CHRYSPP,CHRYSPP [Chrysolina species],29
biological_agent_code,CHRYVAR,CHRYVAR [Chrysolina varians],30
biological_agent_code,COCHATR,COCHATR [Cochylis atricapitana (Stephens)],31
biological_agent_code,CYPHACH,CYPHACH [Cyphocleonus achates (Fahr)],32
biological_agent_code,CYSTSCH,CYSTSCH [Cystiphora schmidti],33
biological_agent_code,CYSTSON,CYSTSON [Cystophora sonchi],34
biological_agent_code,DELOGUT,DELOGUT [Deloyala guttata],35
biological_agent_code,ERIOCHO,ERIOCHO [Eriophyes chondrillae],36
biological_agent_code,ETEOINT,ETEOINT [Eteobalea intermediella (Riedl)],37
biological_agent_code,ETEOSER,ETEOSER [Eteobalea serratella (Treit.)],38
biological_agent_code,EXAPFUS,EXAPFUS [Exapion fuscirostre],39
biological_agent_code,GALECAL,GALECAL [Galerucella calmariensis (Linne)],40
biological_agent_code,GALEPUS,GALEPUS [Galerucella pusilla],41
biological_agent_code,HADRLIT,HADRLIT [Hadroplontus litura],42
biological_agent_code,HYLEEUP,HYLEEUP [Hyles euphorbiae (L.)],43
biological_agent_code,HYLOTRA,HYLOTRA [Hylobius transversovittatus],44
biological_agent_code,LARIMIN,LARIMIN [Larinus minutus Gyll.],45
biological_agent_code,LARIOBT,LARIOBT [Larinus obtusus Gyll.],46
biological_agent_code,LARIPLA,LARIPLA [Larinus planus (F.)],47
biological_agent_code,LARISPP,LARISPP [Larinus species],48
biological_agent_code,LOBEEUP,LOBEEUP [Lobesia euphorbiana (Freyer)],49
biological_agent_code,LONGFLA,LONGFLA [Longitarsus flavicornis (Steph.)],50
biological_agent_code,LONGGRA,LONGGRA [Longitarsus gracilis],51
biological_agent_code,LONGJAC,LONGJAC [Longitarsus jacobaeae (Waterhouse)],52
biological_agent_code,LONGJAS,LONGJAS [Longitarsus jacobaeae (Swiss)],53
biological_agent_code,LONGQUA,LONGQUA [Longitarsus quadriguttatus (Pont.)],54
biological_agent_code,MECIJAN,MECIJAN [Mecinus janthinus (Germar)],55
biological_agent_code,METZLAP,METZLAP [Metzneria lappella],56
biological_agent_code,METZPAU,METZPAU [Metzneria paucipunctella (Zellar)],57
biological_agent_code,MICREDE,MICREDE [Microplontus edentulus],58
biological_agent_code,MICRLAR,MICRLAR [Microlarinus lareynii],59
biological_agent_code,MINOMUR,MINOMUR [Minoa murinata (Scop.)],60
biological_agent_code,MOGUCRU,MOGUCRU [Mogulones cruciger (Hbst.)],61
biological_agent_code,OMPHHOO,OMPHHOO [Omphalapion hookeri],62
biological_agent_code,PELOMED,PELOMED [Pelochrista medullana (Strig.)],63
biological_agent_code,PTERINS,PTERINS [Pterolonche inspersa (Strig.)],64
biological_agent_code,PUCCACR,PUCCACR [Puccinia acroptili (P. & H. Syd)],65
biological_agent_code,PUCCCAR,PUCCCAR [Puccinia carduorum],66
biological_agent_code,PUCCCHO,PUCCCHO [Puccinia chondrillina],67
biological_agent_code,PUCCJAC,PUCCJAC [Puccinia jaceae (Otth.)],68
biological_agent_code,PUCCPUN,PUCCPUN [Puccinia punctiformis],69
biological_agent_code,RHINANT,RHINANT [Rhinusa antirrhini],70
biological_agent_code,RHINCON,RHINCON [Rhinocyllus conicus (Froelich)],71
biological_agent_code,RHINLIN,RHINLIN [Rhinusa linariae],72
biological_agent_code,RHINNET,RHINNET [Rhinusa neta],73
biological_agent_code,RHINPIL,RHINPIL [Rhinusa pilosa],74
biological_agent_code,RHINTET,RHINTET [Rhinusa tetrum],75
biological_agent_code,RHOPTRI,RHOPTRI [Rhopalomyia tripleurospermi],76
biological_agent_code,SCLESCL,SCLESCL [Sclerotinia sclerotium],77
biological_agent_code,SPHEJUG,SPHEJUG [Sphenoptera jugoslavica (Obend.)],78
biological_agent_code,SPURESU,SPURESU [Spurgia esula (Gagne)],79
biological_agent_code,SUBAPIC,SUBAPIC [Subanguina picridis],80
biological_agent_code,TERERUF,TERERUF [Terellia ruficauda],81
biological_agent_code,TEREVIR,TEREVIR [Terellia virens (Loew.)],82
biological_agent_code,TRICHOR,TRICHOR [Trichosirocalus horridus (Panzer)],83
biological_agent_code,TYRIJAC,TYRIJAC [Tyria jacobeae (L.)],84
biological_agent_code,UROPAFF,UROPAFF [Urophora affinis (Frauenfeld)],85
biological_agent_code,UROPCAR,UROPCAR [Urophora cardui (F).],86
biological_agent_code,UROPJAC,UROPJAC [Urophora jaceana],87
biological_agent_code,UROPQUA,UROPQUA [Urophora quadrifasciata (Meigan)],88
biological_agent_code,UROPSOL,UROPSOL [Urophora solstitialus (L.)],89
biological_agent_code,UROPSPP,UROPSPP [Urophora species],90
biological_agent_code,UROPSTY,UROPSTY [Urophora stylata (L.)],91
biological_agent_code,ZEUXGIA,ZEUXGIA [Zeuxidiplosis giardi],92
invasive_species_agency_code,AATR,A & A Trading,1
invasive_species_agency_code,AAFC,Agriculture and Agri-Food Canada,2
invasive_species_agency_code,ACRD,Alberni-Clayoquot Regional District,3
invasive_species_agency_code,APO,Apollo Forest Products Ltd.,4
invasive_species_agency_code,ATCO,ATCO Wood Products Ltd.,5
invasive_species_agency_code,HYDR,BC Hydro and Power Authority,6
invasive_species_agency_code,OGC,BC Oil and Gas Commission,7
invasive_species_agency_code,BEL,Bella Bella Asset Holdings Ltd.,8
invasive_species_agency_code,BISS,BISS - Boundary Invasive Species Society,9
invasive_species_agency_code,BIM,Bowen Island Municipality,10
invasive_species_agency_code,BCTC,British Columbia Transmission Corporation,11
invasive_species_agency_code,CAN,Canfor,12
invasive_species_agency_code,CRD,Capital Regional District,13
invasive_species_agency_code,CBRD,Cariboo Regional District,14
invasive_species_agency_code,CAR,Carrier Lumber Ltd.,15
invasive_species_agency_code,CCCIPC,CCCIPC - Cariboo Chilcotin Coast Invasive Plant Committee,16
invasive_species_agency_code,CCRD,Central Coast Regional District,17
invasive_species_agency_code,CISC,CISC - Coastal Invasive Species Committee,18
invasive_species_agency_code,CABB,City of Abbotsford,19
invasive_species_agency_code,BBY,City of Burnaby,20
invasive_species_agency_code,COLW,City of Colwood,21
invasive_species_agency_code,COQ,City of Coquitlam,22
invasive_species_agency_code,KAM,City of Kamloops,23
invasive_species_agency_code,KELO,City of Kelowna,24
invasive_species_agency_code,NAN,City of Nanaimo,25
invasive_species_agency_code,PITT,City of Pitt Meadows,26
invasive_species_agency_code,CPM,City of Port Moody,27
invasive_species_agency_code,PG,City of Prince George,28
invasive_species_agency_code,RICH,City of Richmond,29
invasive_species_agency_code,SUR,City of Surrey,30
invasive_species_agency_code,VIC,City of Victoria,31
invasive_species_agency_code,CKISS,CKISS - Central Kootenay Invasive Species Society,32
invasive_species_agency_code,CSRD,Columbia-Shuswap Regional District,33
invasive_species_agency_code,CMRD,Comox Valley Regional District,34
invasive_species_agency_code,CVRD,Cowichan Valley Regional District,35
invasive_species_agency_code,CPR,CP Rail,36
invasive_species_agency_code,CRISP,CRISP - Capital Regional Invasive Species Partnership,37
invasive_species_agency_code,CSISS,CSISS - Columbia Shuswap Invasive Species Society,38
invasive_species_agency_code,DND,Department of National Defense,39
invasive_species_agency_code,DHC,Diamond Head Consulting Ltd,40
invasive_species_agency_code,DCS,District of Central Saanich,41
invasive_species_agency_code,KENT,District of Kent,42
invasive_species_agency_code,MISS,District of Mission,43
invasive_species_agency_code,DSAN,District of Saanich,44
invasive_species_agency_code,DSEC,District of Sechelt,45
invasive_species_agency_code,DOT,District of Tofino,46
invasive_species_agency_code,DWV,District of West Vancouver,47
invasive_species_agency_code,DUC,Ducks Unlimited Canada - Canards Illimites Canada,48
invasive_species_agency_code,RDEK,East Kootenay Regional District of East Kootenay,49
invasive_species_agency_code,EKISC,EKISC - East Kootenay Invasive Species Council,50
invasive_species_agency_code,FWCP,Fish and Wildlife Compensation Program - Columbia Basin,51
invasive_species_agency_code,FRS,FortisBC Inc,52
invasive_species_agency_code,FVRD,Fraser Valley Regional District,53
invasive_species_agency_code,FVISS,FVISS - Fraser Valley Invasive Species Society,54
invasive_species_agency_code,GIBR,Gibraltar Mines Ltd.,55
invasive_species_agency_code,GOLD,Golder and Associates,56
invasive_species_agency_code,GBL,Gorman Brothers Lumber Ltd.,57
invasive_species_agency_code,IPC,ISCBC - Invasive Species Council of BC,58
invasive_species_agency_code,ISCM,ISCMV - Invasive Species Council of Metro Vancouver,59
invasive_species_agency_code,KMC,Kinder Morgan Canada,60
invasive_species_agency_code,LM,Lakeland Mills Ltd.,61
invasive_species_agency_code,LPC,Louisiana-Pacific Canada Ltd.,62
invasive_species_agency_code,LKB,Lower Kootenay Band,63
invasive_species_agency_code,LNT,Lower North Thompson Community Forest Society,64
invasive_species_agency_code,LRISS,LRISS - Lillooet Regional Invasive Species Society,65
invasive_species_agency_code,MC,Meadow Creek Cedar Ltd.,66
invasive_species_agency_code,MVRD,Metro Vancouver Regional District,67
invasive_species_agency_code,MTP,Mill & Timber Products Ltd.,68
invasive_species_agency_code,MAFF,Ministry of Agriculture,69
invasive_species_agency_code,MEM,"Ministry of Energy, Mines & Petroleum Resources",70
invasive_species_agency_code,MWLA,Ministry of Environment & Climate Change Strategy,71
invasive_species_agency_code,MOF,"Ministry of Forests, Lands, Natural Resource Operations & Rural Development",72
invasive_species_agency_code,MOT,Ministry of Transportation & Infrastructure,73
invasive_species_agency_code,NCOW,Municipality of North Cowichan,74
invasive_species_agency_code,NCRD,North Coast Regional District,75
invasive_species_agency_code,NRRM,Northern Rockies Regional Municipality,76
invasive_species_agency_code,NWIPC,NWIPC - Northwest Invasive Plant Council,77
invasive_species_agency_code,OASISS,OASISS - Okanagan and Similkameen Invasive Species Society,78
invasive_species_agency_code,OIB,Osoyoos Indian Band,79
invasive_species_agency_code,PCAN,Parks Canada,80
invasive_species_agency_code,PRRD,Peace River Regional District,81
invasive_species_agency_code,POTA,Pope and Talbot Ltd.,82
invasive_species_agency_code,PRIV,Private,83
invasive_species_agency_code,QRD,qathet Regional District,84
invasive_species_agency_code,RDFG,Regional District Fraser-Fort George,85
invasive_species_agency_code,RDBN,Regional District of Bulkley-Nechako,86
invasive_species_agency_code,CKRD,Regional District of Central Kootenay,87
invasive_species_agency_code,RDCO,Regional District of Central Okanagan,88
invasive_species_agency_code,RDKS,Regional District of Kitimat-Stikine,89
invasive_species_agency_code,RDKB,Regional District of Kootenay Boundary,90
invasive_species_agency_code,RDMW,Regional District of Mount Waddington,91
invasive_species_agency_code,RDN,Regional District of Nanaimo,92
invasive_species_agency_code,RDNO,Regional District of North Okanagan,93
invasive_species_agency_code,RDOS,Regional District of Okanagan-Similkameen,94
invasive_species_agency_code,RDST,Regional District of Stikine,95
invasive_species_agency_code,RPC,Richmond Plywood Corporation Limited,96
invasive_species_agency_code,RBCM,Royal BC Museum,97
invasive_species_agency_code,SIGD,Sechelt Indian Government District,98
invasive_species_agency_code,SIB,Skeetchestn Indian Band,99
invasive_species_agency_code,SIFC,Slocan Integral Forestry Cooperative,100
invasive_species_agency_code,WCE,Spectra Energy,101
invasive_species_agency_code,SLRD,Squamish-Lillooet Regional District,102
invasive_species_agency_code,SSISC,SSISC - Sea to Sky Invasive Species Council,103
invasive_species_agency_code,RDS,Strathcona Regional District,104
invasive_species_agency_code,SCRD,Sunshine Coast Regional District,105
invasive_species_agency_code,TCP,Teal Cedar Products Ltd.,106
invasive_species_agency_code,TER,Terasen Gas Inc,107
invasive_species_agency_code,DLT,The Corporation of Delta,108
invasive_species_agency_code,NCC,The Nature Conservancy of Canada,109
invasive_species_agency_code,NTBC,The Nature Trust of BC,110
invasive_species_agency_code,TRU,Thompson Rivers University,111
invasive_species_agency_code,TNRD,Thompson-Nicola Regional District,112
invasive_species_agency_code,TNIPMC,TNIPMC - Thompson Nicola Invasive Plant Management Committee,113
invasive_species_agency_code,TPIB,Tobacco Plains Indian Band,114
invasive_species_agency_code,TOL,Tolko,115
invasive_species_agency_code,GIBS,Town of Gibsons,116
invasive_species_agency_code,SID,Town of Sidney,117
invasive_species_agency_code,LANG,Township of Langley,118
invasive_species_agency_code,TTM,Ts'elxweyeqw Tribe Management Ltd,119
invasive_species_agency_code,UBC,University of British Columbia,120
invasive_species_agency_code,WFM,West Fraser Mills,121
invasive_species_agency_code,WFP,Western Forest Products Inc.,122
invasive_species_agency_code,WEY,Weyerhaeuser Company Limited,123
invasive_species_agency_code,WDLT,Woodlots,124
invasive_species_agency_code,WBL,Wynndel Box & Lumber Co. Ltd.,125
jurisdiction_code,MOF,"Ministry of Forests, Lands, Natural Resource Operations & Rural Development",1
jurisdiction_code,MOT,Ministry of Transportation and Infrastructure,2
jurisdiction_code,HYDR,BC Hydro and Power Authority,3
jurisdiction_code,MW,Ministry of Environment & Climate Change Strategy,4
jurisdiction_code,MAFF,Ministry of Agriculture,5
jurisdiction_code,PP,Provincial Parks,6
jurisdiction_code,P,Private Land,7
jurisdiction_code,MOP,Municipality owned land,8
jurisdiction_code,PCAN,Parks Canada,9
jurisdiction_code,FED,Federal,10
jurisdiction_code,GRVF,Gravel - FLNRO,11
jurisdiction_code,GRVM,Gravel - MOTI,12
jurisdiction_code,CNR,CN Rail,13
jurisdiction_code,CPR,CP Rail,14
jurisdiction_code,BCR,BC Rail,15
jurisdiction_code,RAIL,Other Rail,16
jurisdiction_code,BCTC,British Columbia Transmission Corporation,17
jurisdiction_code,TEL,Telus,18
jurisdiction_code,TER,Terasen Gas Inc.,19
jurisdiction_code,DFO,Department of Fisheries and Oceans,20
jurisdiction_code,DND,Department of National Defense,21
jurisdiction_code,DOT,Department of Transportation,22
jurisdiction_code,DUKE,Enbridge,23
jurisdiction_code,GL,Grazing Lease,24
jurisdiction_code,IR,First Nations Reserves,25
jurisdiction_code,MN,Mining Companies,26
jurisdiction_code,MR,Military Reserves,27
jurisdiction_code,MRD,Regional District owned land,28
jurisdiction_code,PIPE,Oil and Gas Companies,29
jurisdiction_code,PNG,Pacific Northern Gas,30
jurisdiction_code,TRP,TransCanada Pipelines,31
pesticide_employer_code,0,00000 BC Government Ministries,1
pesticide_employer_code,19603,19603 A.R.M. CONTRACTORS,2
pesticide_employer_code,22691,22691 ACCURATEW6 WELLSITE SOLUTIONS LTD.,3
pesticide_employer_code,691,00691 ACE VEGETATION CONTROL SERVICE LTD.,4
pesticide_employer_code,21003,21003 ACTUAL LANDSCAPING INC.,5
pesticide_employer_code,3921,03921 ADEPT VEGETATION MANAGEMENT INC,6
pesticide_employer_code,2485,"02485 ASHCROFT, CORPORATION OF THE VILLAGE",7
pesticide_employer_code,23637,23637 ASPEN TREE SERVICES INC.,8
pesticide_employer_code,594,00594 ASPLUNDH CANADA ULC,9
pesticide_employer_code,19583,19583 B BAR S RANCH,10
pesticide_employer_code,14062,14062 BACKROAD CONTRACTING LTD,11
pesticide_employer_code,22026,22026 BACKWOODS RESOURCES INC.,12
pesticide_employer_code,235,00235 BARE GROUND VEGETATION SERVICES LTD,13
pesticide_employer_code,17145,17145 BDK RESOURCE SERVICES LTD.,14
pesticide_employer_code,17204,17204 BLACKTAIL RESOURCES INC.,15
pesticide_employer_code,907,00907 BOULTBEE PEST CONTROL LTD.,16
pesticide_employer_code,651,00651 BUGS-GON TREE SERVICE,17
pesticide_employer_code,25578,25578 BURLEY BOYS TREE SERVICE LTD.,18
pesticide_employer_code,17406,17406 BUSY BEE SPRAY SERVICES,19
pesticide_employer_code,8625,08625 CAM CAMPBELL HOLDINGS LTD.,20
pesticide_employer_code,15462,15462 CAPITAL REGIONAL DISTRICT PARKS,21
pesticide_employer_code,458,00458 CARIBOO REGIONAL DISTRICT,22
pesticide_employer_code,6361,06361 CITY OF CHILLIWACK PUBLIC WORKS DEPARTMENT,23
pesticide_employer_code,303,00303 CITY OF COQUITLAM,24
pesticide_employer_code,24557,24557 CITY OF FORT ST. JOHN,25
pesticide_employer_code,267,00267 CITY OF POWELL RIVER,26
pesticide_employer_code,3142,03142 CITY OF PRINCE GEORGE,27
pesticide_employer_code,22147,22147 CITY OF WEST KELOWNA,28
pesticide_employer_code,20444,20444 COLEBRAN VEGETATION LTD,29
pesticide_employer_code,2986,02986 CORPORATION OF THE CITY OF CRANBROOK,30
pesticide_employer_code,271,00271 CORPORATION OF THE CITY OF PENTICTON,31
pesticide_employer_code,25637,25637 COWICHAN VALLEY REGIONAL DISTRICT,32
pesticide_employer_code,24817,24817 CRABBE CONTRACTING LTD,33
pesticide_employer_code,3198,03198 D.C. FORESTRY SERVICES LTD.,34
pesticide_employer_code,1899,01899 D.J. SILVICULTURE ENTERPRISES ULC,35
pesticide_employer_code,3616,03616 DAVEY TREE SERVICES LTD.,36
pesticide_employer_code,19065,19065 DIAMOND HEAD CONSULTING LTD.,37
pesticide_employer_code,22476,22476 DISTRICT OF HUDSON'S HOPE,38
pesticide_employer_code,9585,09585 DISTRICT OF TAYLOR RECREATION DEPARTMENT,39
pesticide_employer_code,21643,21643 DOUGLAS LAKE CATTLE COMPANY,40
pesticide_employer_code,17824,17824 DRINKWATER ENVIRONMENTAL SERVICES LTD,41
pesticide_employer_code,796,00796 DUKA ENVIRONMENTAL SERVICES LTD.,42
pesticide_employer_code,20484,20484 EAST KOOTENAY INVASIVE SPECIES COUNCIL,43
pesticide_employer_code,24757,24757 EAST KOOTENAY OUTDOOR SPECIALIST / METCALF LAWN CARE,44
pesticide_employer_code,2013,02013 EASY FEED FERTILIZER,45
pesticide_employer_code,23678,23678 ELEVATE ENERGY SERVICES LTD.,46
pesticide_employer_code,24438,24438 ETHIX CONTRACTING LTD.,47
pesticide_employer_code,3281,03281 FRASER VALLEY REGIONAL DISTRICT,48
pesticide_employer_code,15843,15843 GARNER VEGETATION CONTROL,49
pesticide_employer_code,22229,22229 GREEN ADMIRAL NATURE RESTORATION LTD.,50
pesticide_employer_code,22389,22389 GREENER THIS SIDE INVASIVE PLANT MANAGEMENT,51
pesticide_employer_code,2641,02641 H.P. CONTRACTING,52
pesticide_employer_code,24519,24519 HIGH MOUNTAIN CONTRACTING,53
pesticide_employer_code,21563,21563 INTEGRITY INDUSTRIAL SERVICES LTD.,54
pesticide_employer_code,25677,25677 INVASIVE CONTROL SOLUTIONS,55
pesticide_employer_code,16882,16882 INVASIVE SPECIES COUNCIL OF BRITISH COLUMBIA SOCIETY,56
pesticide_employer_code,18943,18943 INVASIVE SPECIES COUNCIL OF METRO VANCOUVER SOCIETY,57
pesticide_employer_code,25117,25117 J. FOX CONSULTING,58
pesticide_employer_code,8401,"08401 JANZEN ENTERPRISES LIMITED, DBA: LEWY'S LAWNCARE",59
pesticide_employer_code,19243,19243 JL VEGETATION SOLUTIONS,60
pesticide_employer_code,3410,03410 K W B CONTRACTING LTD,61
pesticide_employer_code,18884,18884 KINGSCLERE RANCH LTD.,62
pesticide_employer_code,23777,23777 KOOTENAY GROUND MAINTENANCE,63
pesticide_employer_code,11282,11282 KOOTENAY WEED CONTROL,64
pesticide_employer_code,10041,10041 LATINA LANDSCAPES AND MAINTENANCE,65
pesticide_employer_code,23573,23573 LOWER NICOLA SITE SERVICES LIMITED PARTNERSHIP,66
pesticide_employer_code,2620,"02620 MAILLOUX, BRUNO",67
pesticide_employer_code,20763,20763 MAPLE LEAF FORESTRY LTD.,68
pesticide_employer_code,3391,03391 MARJORI SUSAN REAY,69
pesticide_employer_code,8706,08706 MELBERN VEGETATION LTD,70
pesticide_employer_code,18463,18463 MGP CONTRACTING,71
pesticide_employer_code,24998,24998 MIKE FADUM AND ASSOCIATES LTD.,72
pesticide_employer_code,259,00259 MORROW BIOSCIENCE LTD.,73
pesticide_employer_code,12682,12682 MOUNTAIN VIEW RESOURCES,74
pesticide_employer_code,18144,18144 MYRNA JOY GAMMIE,75
pesticide_employer_code,14042,14042 NORTH ASCENT ENVIRONMENTAL INC.,76
pesticide_employer_code,23511,23511 NORTH SHORE ENVIRONMENTAL CONSULTANTS INC.,77
pesticide_employer_code,20824,20824 NORTHERN ROCKY MOUNTAIN ENTERPRISES LTD.,78
pesticide_employer_code,19044,19044 OKANAGAN AND SIMILKAMEEN INVASIVE SPECIES SOCIETY (OASISS),79
pesticide_employer_code,2990,02990 PACIFIC WEED SERVICE LTD,80
pesticide_employer_code,1086,01086 PARA SPACE LANDSCAPING INC.,81
pesticide_employer_code,295,00295 PARKS OPERATIONS SECTION,82
pesticide_employer_code,12045,12045 PATHFINDER ENDEAVOURS LTD.,83
pesticide_employer_code,23618,23618 PINCHIN LTD.,84
pesticide_employer_code,3663,03663 PINEVIEW MANAGEMENT LTD,85
pesticide_employer_code,22606,22606 PRIMROSE LANDSCAPING & HORTICULTURE LTD.,86
pesticide_employer_code,14322,14322 PRONTO ENTERPRISES LTD,87
pesticide_employer_code,902,00902 REGIONAL DISTRICT OF NORTH OKANAGAN,88
pesticide_employer_code,491,00491 RICHBAR NURSERY LTD.,89
pesticide_employer_code,14843,14843 ROCKY MOUNTAIN FORESTRY CONSULTING INC.,90
pesticide_employer_code,18603,18603 SEA TO SKY INVASIVE SPECIES COUNCIL,91
pesticide_employer_code,24937,24937 SEA WOLF FORESTRY LTD.,92
pesticide_employer_code,18243,18243 SELLENTIN'S HABITAT RESTORATION,93
pesticide_employer_code,22971,22971 SETETKWE ENVIRONMENTAL INC.,94
pesticide_employer_code,23579,23579 SOUTHERN FRONTIER FORESTRY SERVICES,95
pesticide_employer_code,3195,03195 SPECTRUM RESOURCE GROUP INC.,96
pesticide_employer_code,21683,21683 STAT ENERGY SERVICES INC.,97
pesticide_employer_code,18143,18143 STERLING OPERATIONS,98
pesticide_employer_code,20063,20063 STRATEGIC NATURAL RESOURCE CONSULTANTS INC.,99
pesticide_employer_code,11642,11642 SYLVIS ENVIRONMENTAL SERVICES INC,100
pesticide_employer_code,3573,03573 T & J FORESTRY CONTRACTING LTD.,101
pesticide_employer_code,3727,03727 THE CITY OF COLWOOD,102
pesticide_employer_code,1271,01271 THE CORPORATION OF THE CITY OF VICTORIA,103
pesticide_employer_code,2200,02200 THE CORPORATION OF THE DISTRICT OF SAANICH,104
pesticide_employer_code,2481,02481 THE CORPORATION OF THE VILLAGE OF KEREMEOS,105
pesticide_employer_code,25080,25080 THE GRASS GUY,106
pesticide_employer_code,22086,22086 THOMPSON NICOLA INVASIVES MANAGMENT,107
pesticide_employer_code,19804,19804 TK' EMLUPSEMC FORESTRY DEVELOPMENT CORPORATION,108
pesticide_employer_code,345,00345 TOWN OF OLIVER,109
pesticide_employer_code,25617,25617 UPPER NICOLA INDIAN BAND,110
pesticide_employer_code,3873,03873 VILLAGE OF NAKUSP,111
pesticide_employer_code,20663,20663 WEST FORK RESOURCE MANAGMENT LTD.,112
pesticide_employer_code,1838,01838 WESTERN WEED CONTROL (1980) LTD.,113
pesticide_employer_code,23531,23531 YENDOR LOGGING,114
pesticide_employer_code,15142,15142 ZEDI FIELD SERVICES,115
liquid_herbicide_code,14725,"AM500a [2,4-D 2,4-D Amine 500] 14725",1
liquid_herbicide_code,9528,"AM500b [2,4-D 2,4-D Amine 500] 9528",2
liquid_herbicide_code,5931,"AM600a [2,4-D 2,4-D Amine 600] 5931",3
liquid_herbicide_code,14726,"AM600b [2,4-D 2,4-D Amine 600] 14726",4
liquid_herbicide_code,23713,Arsenal [imazapyr Arsenal] 23713,5
liquid_herbicide_code,31641,"Aspect [picloram/2,4-D Aspect] 31641",6
liquid_herbicide_code,23957,Banvel2 [dicamba Banvel II] 23957,7
liquid_herbicide_code,29249,BanvelVM [Banvel VM] 29249,8
liquid_herbicide_code,29752,Clearview [aminopyralid/metsulfuron-methyl Clearview] (G) 29752,9
liquid_herbicide_code,29888,CreditX [glyphosate Credit Xtreme] 29888,10
liquid_herbicide_code,27856,"Dyvel [dicamba/2,4-D/mecoprop-p Dyvel DSp] 27856",11
liquid_herbicide_code,23005,Escort [metsulfuron methyl Escort] (G) 23005,12
liquid_herbicide_code,21053,Garlon4 [triclopyr Garlon 4] 21053,13
liquid_herbicide_code,29334,GarlonRTU [Garlon RTU] 29334,14
liquid_herbicide_code,28945,GarlonXRT [Garlon XRT] 28945,15
liquid_herbicide_code,27634,Grazon [Grazon] 27634,16
liquid_herbicide_code,31642,GrazonXC [Grazon XC] 31642,17
liquid_herbicide_code,30841,Habitat [Habitat] 30841,18
liquid_herbicide_code,27801,"Killex [2,4-D/mecoprop-p/dicamba Killex] 27801",19
liquid_herbicide_code,33128,LongRun [flazasulfuron LongRun] (G) 33128,20
liquid_herbicide_code,23545,Lontrel360 [Lontrel 360] 23545,21
liquid_herbicide_code,32957,Method240SL [Method 240SL] 32957,22
liquid_herbicide_code,30917,Method50SG [aminocyclopyrachlor Method 50SG] (G) 30917,23
liquid_herbicide_code,28517,Milestone [aminopyralid Milestone] 28517,24
liquid_herbicide_code,31382,NaviusVM [metsulfuron-methyl/Aminocyclopyrachlor Navius VM] (G) 31382,25
liquid_herbicide_code,26722,Oracle [Oracle] 26722,26
liquid_herbicide_code,30065,Overdrive [diflufenzopyr Overdrive] (G) 30065,27
liquid_herbicide_code,27884,"Par3 [mecoprop-p/2,4-D/dicamba Par III] 27884",28
liquid_herbicide_code,30203,PowerLN [Powerline] 30203,29
liquid_herbicide_code,30062,ReclaimIIA [aminopyralid/metsulfuron-methyl Reclaim II A] (G) 30062,30
liquid_herbicide_code,30063,"ReclaimIIB [2,4-D Reclaim II B] 30063",31
liquid_herbicide_code,28551,RestoreA [Aminopyralid Restore A] 28551,32
liquid_herbicide_code,28552,"RestoreB [2,4-D Restore B] 28552",33
liquid_herbicide_code,26271,Reward [Diquat ion Reward] 26271,34
liquid_herbicide_code,22759,RoundupSC [Roundup Super Concentrate] 22759,35
liquid_herbicide_code,28198,RoundupTR [Roundup Transorb HC] 28198,36
liquid_herbicide_code,27487,RoundupWM [Roundup Weathermax] 27487,37
liquid_herbicide_code,31209,Sandea [halosulfuron Sandea] (G) 31209,38
liquid_herbicide_code,29498,StartUp [StartUp] 29498,39
liquid_herbicide_code,9007,Tordon101 [Tordon 101] 9007,40
liquid_herbicide_code,9005,Tordon22K [picloram Tordon 22K] 9005,41
liquid_herbicide_code,31559,Torpedo [flumioxazin and pyroxasulfone Torpedo] (G) 31559,42
liquid_herbicide_code,27972,"Trillion [2,4-D/mecoprop-p/dicamba Trillion] 27972",43
liquid_herbicide_code,30920,Truvist [chlorsulfuron/aminocyclopyrachlor Truvist] (G) 30920,44
liquid_herbicide_code,26980,Vanquish [Vanquish] 26980,45
liquid_herbicide_code,27615,VantagePMs [Vantage Plus Max / VPM II] 27615,46
liquid_herbicide_code,29994,VantageXRT [Vantage XRT] 29994,47
liquid_herbicide_code,28840,VP480 [VP480] 28840,48
research_trial_code,NA,Unknown or indeterminant,1
research_trial_code,Y,Yes,2
research_trial_code,N,No,3
research_trial_code,X,Future,4
realm_code,Af,Alpine field,1
realm_code,Ag,Alpine grassland,2
realm_code,Ah,Alpine heath,3
realm_code,Am,Alpine meadow,4
realm_code,As,Alpine nivation,5
realm_code,At,Alpine tundra,6
realm_code,Az,Alpine zoogenic,7
realm_code,Bb,Beach beachland,8
realm_code,Br,Beach headland,9
realm_code,Ed,Estuary meadow,10
realm_code,Em,Estuary marsh,11
realm_code,Et,Estuary tidal flat,12
realm_code,Fa,Flood active channel,13
realm_code,Ff,Flood fringe,14
realm_code,Fl,Flood lowbench,15
realm_code,Fm,Flood midbench,16
realm_code,Ga,Grassland alkali meadow,17
realm_code,Gb,Grassland brushland,18
realm_code,Gg,Grassland,19
realm_code,Gs,Grassland shrub steppe,20
realm_code,Hh,Halophyte,21
realm_code,Hs,Spring-seepage,22
realm_code,Hv,Vernal pool,23
realm_code,Hw,Waterfall,24
realm_code,Rc,Cliff,25
realm_code,Ro,Rock outcrop,26
realm_code,Rt,Talus,27
realm_code,Sc,Subalpine shrub carr,28
realm_code,Sk,Krummholz,29
realm_code,Ss,Subalpine shrub seepage,30
realm_code,Vh,Avalanche herb,31
realm_code,Vs,Avalanche shrub,32
realm_code,Vt,Avalanche treed,33
realm_code,Wa,Wetland alpine,34
realm_code,Wb,Wetland bog,35
realm_code,Wf,Wetland fen,36
realm_code,Wm,Wetland marsh,37
realm_code,Ws,Wetland swamp,38
realm_code,Ww,Wetland shallow water,39
realm_code,Xh,Disclimax herb,40
realm_code,Xs,Disclimax shrub,41
ecological_moisture_regime_code,NA,Unknown or indeterminant,1
ecological_moisture_regime_code,VX,Very xeric,2
ecological_moisture_regime_code,XR,Xeric,3
ecological_moisture_regime_code,XS,Xeric to Subxeric,4
ecological_moisture_regime_code,SX,Subxeric,5
ecological_moisture_regime_code,MS,Mesic,6
ecological_moisture_regime_code,SM,Submesic,7
ecological_moisture_regime_code,HY,Hygric,8
ecological_moisture_regime_code,SH,Subhygric,9
ecological_moisture_regime_code,HD,Hydric,10
ecological_moisture_regime_code,SD,Subhydric,11
ecological_moisture_regime_code,XX,Subhydric to hydric,12
mesoslope_position_code,NA,Unknown or indeterminant,1
mesoslope_position_code,CR,Crest,2
mesoslope_position_code,US,Upper slope,3
mesoslope_position_code,MS,Middle slope,4
mesoslope_position_code,LS,Lower slope,5
mesoslope_position_code,TO,Toe,6
mesoslope_position_code,DP,Depression,7
mesoslope_position_code,LV,Level,8
mesoslope_position_code,GL,Gully,9
site_surface_shape_code,NA,Unknown or indeterminant,1
site_surface_shape_code,HO,Hollow,2
site_surface_shape_code,RD,Rounded,3
site_surface_shape_code,LN,Linear,4
soil_properties_code,NA,Unknown or indeterminant,1
soil_properties_code,SD,Sand,2
soil_properties_code,SL,Silt,3
soil_properties_code,CL,Clay,4
soil_properties_code,GR,Gravel,5
soil_properties_code,VA,Variable,6
soil_properties_code,CP,Compact,7
surface_substrate_code,NA,Unknown or indeterminant,1
surface_substrate_code,BS,Bare soil,2
surface_substrate_code,MS,Moss,3
surface_substrate_code,OM,Organic matter,4
surface_substrate_code,DW,Decaying wood,5
surface_substrate_code,SD,Sand,6
surface_substrate_code,GR,Gravel,7
surface_substrate_code,CO,Cobble,8
surface_substrate_code,BR,Bedrock,9
surface_substrate_code,CP,Compact,10
disturbance_condition_code,NA,Unknown or indeterminant,1
disturbance_condition_code,PR,Predicted,2
disturbance_condition_code,CR,Current,3
disturbance_type_code,NA,Unknown or indeterminant,1
disturbance_type_code,CU,Cultivation,2
disturbance_type_code,FI,Fire,3
disturbance_type_code,FG,Fire guard,4
disturbance_type_code,FL,Flooded,5
disturbance_type_code,GZ,Grazing,6
disturbance_type_code,LG,Logging,7
disturbance_type_code,MN,Mining,8
disturbance_type_code,MW,Mowing,9
disturbance_type_code,RC,Recreation,10
disturbance_type_code,RD,Roads,11
disturbance_type_code,CM,Chemical,12
disturbance_type_code,MR,MOTI Roadside,13
disturbance_type_code,FR,FLNRO Roadside,14
invasive_plant_change_code,NA,Unknown or indeterminant,1
invasive_plant_change_code,NC,No change,2
invasive_plant_change_code,IN,General increase,3
invasive_plant_change_code,DE,General decrease,4
invasive_plant_change_code,NW,New Species,5
invasive_plant_change_code,AB,Species absent,6
target_plant_change_code,NA,Unknown or indeterminant,7
target_plant_change_code,NC,No change,8
target_plant_change_code,LW,Increased < 35%,9
target_plant_change_code,MD,Increase 35 to 70%,10
target_plant_change_code,HI,Increase Greater than 70%,11
biocontrol_noted_code,NA,Unknown or indeterminant,1
biocontrol_noted_code,Y,Yes,2
biocontrol_noted_code,N,No,3
biocontrol_noted_code,U,Unsure,4
biocontrol_noted_code,SP,Species,5
daubenmire_cover_code,-1,Unknown or indeterminant,1
daubenmire_cover_code,0,0,2
daubenmire_cover_code,1,1 to 5%,3
daubenmire_cover_code,2,6 to 25%,4
daubenmire_cover_code,3,25 to 50%,5
daubenmire_cover_code,4,51 to 75%,6
daubenmire_cover_code,5,76 to 95%,7
daubenmire_cover_code,6,96 to 100%,8
vegetation_transect_data_code,NA,Unknown or indeterminant,1
vegetation_transect_data_code,IP,Invasive Plants,2
vegetation_transect_data_code,NF,Native Forbs,3
vegetation_transect_data_code,GR,Grasses,4
vegetation_transect_data_code,BG,Bare ground,5
vegetation_transect_data_code,ST,Shrubs / trees,6
vegetation_transect_data_code,BY,Byrophytes,7
vegetation_transect_data_code,LF,Litter / Feces,8
cloud_cover_code,0,Clear Sky,2
cloud_cover_code,1,Few 10% clouds,3
cloud_cover_code,2,Few 20-30% clouds,4
cloud_cover_code,3,Scattered 40% clouds,5
cloud_cover_code,4,Scattered 50% clouds,6
cloud_cover_code,5,Broken 50% clouds,7
cloud_cover_code,6,Broken 60-70% clouds,8
cloud_cover_code,7,Broken 90% clouds,9
cloud_cover_code,8,Overcast 100% clouds,10
cloud_cover_code,9,Obscured,11
beaufort_wind_code,0,Calm < 1 km/h,2
beaufort_wind_code,1,Light air 1-5 km/h,3
beaufort_wind_code,2,Light breeze 6-11 km/h,4
beaufort_wind_code,3,Gentle breeze 12-19 km/h,5
beaufort_wind_code,4,Moderate breeze 20-28 km/h,6
beaufort_wind_code,5,Fresh breeze 29-38 km/h,7
beaufort_wind_code,6,Strong breeze 39-49 km/h,8
beaufort_wind_code,7,Near gale 50-61 km/h,9
beaufort_wind_code,8,Gale 62-74 km/h,10
beaufort_wind_code,9,Strong gale 75-88 km/h,11
beaufort_wind_code,10,Storm 89-102 km/h,12
beaufort_wind_code,11,Violent storm 103-117 km/h,13
beaufort_wind_code,12,Hurricane 118-133 km/h,14
precipitation_code,NA,Unknown or indeterminant,1
precipitation_code,NO,No Precipitation,2
precipitation_code,DR,Drizzle,3
precipitation_code,IN,Intermittent showers,4
precipitation_code,SR,Steady Rain,5
precipitation_code,DP,Down pour,6
precipitation_code,RW,Residual Wet,7
precipitation_code,SN,Snow,8
precipitation_code,HA,Hail,9
monitoring_duration_of_count_code,NA,Unknown or indeterminant,1
monitoring_duration_of_count_code,OB,Observe (= handpick),2
monitoring_duration_of_count_code,OT,Othre (timed),3
monitoring_duration_of_count_code,SW,Sweep,4
monitoring_duration_of_count_code,TT,Tap and Tray,5
monitoring_duration_of_count_code,CL,Clip,6
monitoring_duration_of_count_code,EX,Excavate,7
monitoring_plant_count_code,NA,Unknown or indeterminant,1
monitoring_plant_count_code,OC,Observe (= handpick),2
monitoring_plant_count_code,OD,Other (counted),3
monitoring_plant_count_code,PC,Plant(s),4
monitoring_plant_count_code,CS,Sweep,5
collecting_duration_of_count_code,NA,Unknown or indeterminant,1
collecting_duration_of_count_code,AS,Aspirate,2
collecting_duration_of_count_code,HP,Hand Pick,3
collecting_duration_of_count_code,OT,Other (counted),4
collecting_duration_of_count_code,SW,Sweep,5
collecting_plant_count_code,NA,Unknown or indeterminant,1
collecting_plant_count_code,CL,Clip,2
collecting_plant_count_code,CS,Sweep,3
collecting_plant_count_code,OC,Other (counted),4
collecting_plant_count_code,TP,Transplant,5
collecting_plant_count_code,TT,Tap and Tray,6
target_plant_location_code,NA,Unknown or indeterminant,1
target_plant_location_code,PT,Plant terminal (very top of plant),2
target_plant_location_code,PU,Plant (upper half),3
target_plant_location_code,PL,Plant (lower half),4
target_plant_location_code,RE,Root (externally),5
target_plant_location_code,RI,Root (internally),6
target_plant_location_code,RO,Rosette,7
target_plant_location_code,BG,Basal growth,8
target_plant_location_code,ST,Stolon,9
target_plant_location_code,AX,Axils,10
target_plant_location_code,FI,Flower (inside),11
target_plant_location_code,FS,Flower surface,12
target_plant_location_code,IH,In seedhead,13
target_plant_location_code,SH,On seed head,14
target_plant_location_code,LS,Leaf/leaves (upper side/surface),15
target_plant_location_code,LU,Leaf/leaves (underside),16
target_plant_location_code,LT,Stem/stalk (external),17
target_plant_location_code,SI,Stem/stalk (internal),18
target_plant_location_code,PE,Petiole,19
non-target_plant_location_code,NA,Unknown or indeterminant,1
non-target_plant_location_code,DL,Duff/litter,2
non-target_plant_location_code,IL,In litter,3
non-target_plant_location_code,IS,In soil,4
non-target_plant_location_code,OL,On litter,5
non-target_plant_location_code,OS,On soil,6
non-target_plant_location_code,OT,Other,7
activity_of_agent_adults_code,NA,Unknown or indeterminant,1
activity_of_agent_adults_code,BR,Breeding,2
activity_of_agent_adults_code,OV,Ovipositioning,3
density_count_type_code,NA,Unknown or indeterminant,1
density_count_type_code,RD,Random Toss,2
density_count_type_code,RT,Random Transect,3
density_count_type_code,PT,Placed Toss,4
density_count_type_code,TT,Timed Toss,5
density_count_type_code,OT,Other,6
frame_size_code,NA,Unknown or indeterminant,1
frame_size_code,L,1.0 sq metre,2
frame_size_code,M,0.75 sq metre,3
frame_size_code,S,0.1 sq metre,4
biocontrol_collection_code,As,Aspirate*,1
biocontrol_collection_code,Hp,Hand pick*,2
biocontrol_collection_code,Cl,Clipping**,3
biocontrol_collection_code,Cs,Sweep (counted)**,4
biocontrol_collection_code,Sw,Sweep (timed)*,5
biocontrol_collection_code,Tt,Tap and tray*,6
biocontrol_collection_code,Tp,Transplant**,7
invasive_plant_code_withbiocontrol,BL,Black knapweed (CENT NIG Centaurea nigra),1
invasive_plant_code_withbiocontrol,BO,Bohemian knotweed (FALL BOH Fallopia x bohemicum),2
invasive_plant_code_withbiocontrol,BK,Brown knapweed (CENT JAC Centaurea jacea),3
invasive_plant_code_withbiocontrol,BT,Bull thistle (CIRS VUL Cirsium vulgare),4
invasive_plant_code_withbiocontrol,BU,Burdock species (ARCT SPP Arctium spp),5
invasive_plant_code_withbiocontrol,CT,Canada thistle (CIRS ARV Cirsium arvense),6
invasive_plant_code_withbiocontrol,CS,Cypress spurge (EUPH CYP Euphorbia cyparissias),7
invasive_plant_code_withbiocontrol,DT,Dalmatian toadflax (LINA DAL Linaria dalmatica),8
invasive_plant_code_withbiocontrol,DK,Diffuse knapweed (CENT DIF Centaurea diffusa),9
invasive_plant_code_withbiocontrol,FB,Field bindweed (CONV ARV Convolvulus arvensis),10
invasive_plant_code_withbiocontrol,GO,Gorse (ULEX EUR Ulex europaeus),11
invasive_plant_code_withbiocontrol,BI,Hedge false bindweed (CALY SEP Calystegia sepium),12
invasive_plant_code_withbiocontrol,HT,Hound's-tongue (CYNO OFF Cynoglossum officinale),13
invasive_plant_code_withbiocontrol,JK,Japanese knotweed (FALL JAP Fallopia japonica),14
invasive_plant_code_withbiocontrol,KH,King devil hawkweed (HIER FLO Hieracium floribundum),15
invasive_plant_code_withbiocontrol,LS,Leafy spurge (EUPH ESU Euphorbia esula),16
invasive_plant_code_withbiocontrol,MT,Marsh plume thistle/Marsh thistle (CIRS PAL Cirsium palustre),17
invasive_plant_code_withbiocontrol,MH,Meadow hawkweed (HIER CAE Hieracium caespitosum),18
invasive_plant_code_withbiocontrol,MK,Meadow knapweed (CENT DEB Centaurea debeauxii),19
invasive_plant_code_withbiocontrol,ME,Mouse ear hawkweed (HIER PIL Hieracium pilosella),20
invasive_plant_code_withbiocontrol,MU,Mullein (VERB THA Verbascum thapsis),21
invasive_plant_code_withbiocontrol,NT,Nodding thistle (CARD NUT Carduus nutans),22
invasive_plant_code_withbiocontrol,OH,Orange hawkweed (HIER AUR Hieracium aurantiacum),23
invasive_plant_code_withbiocontrol,PS,Perennial sow thistle (SONC ARV Sonchus arvensis),24
invasive_plant_code_withbiocontrol,PT,Plumeless thistle (CARD ACA Carduus acanthoides),25
invasive_plant_code_withbiocontrol,PV,Puncturevine (TRIB TER Tribulus terrestris),26
invasive_plant_code_withbiocontrol,PL,Purple loosestrife (LYTH SAL Lythrum salicaria),27
invasive_plant_code_withbiocontrol,RS,Rush skeletonweed (CHON JUN Chondrilla juncea),28
invasive_plant_code_withbiocontrol,RK,Russian knapweed (ACRO REP Acroptilon repens),29
invasive_plant_code_withbiocontrol,SH,Scentless chamomile (MATR PER Matricaria perforata),30
invasive_plant_code_withbiocontrol,SB,Scotch broom (CYTI SCO Cytisus scoparius),31
invasive_plant_code_withbiocontrol,CN,Short-fringed knapweed (CENT NIR Centaurea nigrescens),32
invasive_plant_code_withbiocontrol,SK,Spotted knapweed (CENT BIE Centaurea biebersteinii),33
invasive_plant_code_withbiocontrol,SJ,St. John's wort/Saint John's wort/ Goatweed (HYPE PER Hypericum perforatum),34
invasive_plant_code_withbiocontrol,TR,Tansy ragwort (SENE JAC Senecio jacobaea),35
invasive_plant_code_withbiocontrol,WP,Whiplash hawkweed (HIER FLA Hieracium flagellare),36
invasive_plant_code_withbiocontrol,YT,Yellow/common toadflax (LINA VUL Linaria vulgaris),37